# Field roll corrections (arcsec, +N->E) measured in JWST-GC/data-qa#346.
# delta_roll = rotation to apply to the JWST WCS about the NIRCam field centre.
# Obs without a row get no correction (fit unreliable or not measured).
program,observation,visit,delta_roll_arcsec,delta_roll_err_arcsec,reference,source
1182,004,001,10.73,0.54,VIRAC2+GaiaDR3,data-qa#346 F200W per-visit
1182,004,002,7.24,0.54,VIRAC2+GaiaDR3,data-qa#346 F200W per-visit
1939,001,*,7.12,2.78,VIRAC2+GaiaDR3,data-qa#346 F212N
2045,001,*,13.0,1.0,VIRAC2+GaiaDR3,data-qa#346 recheck per-exposure F212N/F323N (was 15.61; single-shift fit folded the A-B module offset)
2045,003,*,3.51,0.49,VIRAC2+GaiaDR3,data-qa#346 F212N
2092,002,*,5.0,1.0,VIRAC2,data-qa#346 recheck F162M+F360M (was -1.5; F210M outlier)
2211,028,*,14.08,0.97,VIRAC2,data-qa#346 F150W
2221,001,*,9.74,1.04,VIRAC2+GaiaDR3,data-qa#346 F212N
2221,002,001,-0.3,0.27,VIRAC2+GaiaDR3,data-qa#346 F212N per-visit
2221,002,002,2.82,0.27,VIRAC2+GaiaDR3,data-qa#346 F212N per-visit
4147,012,*,10.71,0.57,VIRAC2+GaiaDR3,data-qa#346 F212N
5365,001,*,9.57,0.44,VIRAC2+GaiaDR3,data-qa#346 F212N
10678,040,*,19.27,0.79,VIRAC2+GaiaDR3,data-qa#346 F212N
10678,041,*,20.98,1.52,VIRAC2+GaiaDR3,data-qa#346 F212N
10678,042,*,20.88,1.3,VIRAC2+GaiaDR3,data-qa#346 F212N
10678,043,*,22.75,2.97,VIRAC2+GaiaDR3,data-qa#346 F212N
10678,044,*,19.65,0.84,VIRAC2+GaiaDR3,data-qa#346 F212N
10678,045,*,17.67,0.83,VIRAC2+GaiaDR3,data-qa#346 F212N
10678,046,*,19.07,3.51,VIRAC2+GaiaDR3,data-qa#346 F212N
10678,060,*,13.4,1.09,VIRAC2+GaiaDR3,data-qa#346 F212N
10678,061,*,15.23,1.1,VIRAC2+GaiaDR3,data-qa#346 F212N
10678,063,*,19.35,1.2,VIRAC2+GaiaDR3,data-qa#346 F480M-1.7 (V +22.52+-1.17 G +19.98+-1.00; F212N tie failed)
10678,064,*,15.13,0.93,VIRAC2+GaiaDR3,data-qa#346 F212N lowgate (V +12.49+-1.51 G +16.75+-1.18; F480M-1.7 = 16.6 agrees)
10678,065,*,15.46,0.99,VIRAC2+GaiaDR3,data-qa#346 F212N
10678,066,*,16.33,1.45,VIRAC2,data-qa#346 F212N
10678,067,*,17.66,0.79,VIRAC2+GaiaDR3,data-qa#346 F212N
10678,068,*,17.93,1.5,VIRAC2+GaiaDR3,data-qa#346 F212N
10678,069,*,16.85,1.2,VIRAC2+GaiaDR3,data-qa#346 F480M-1.7 (V +19.74+-0.94 G +17.13+-1.03; F212N tie failed)
10678,070,*,14.60,1.2,VIRAC2+GaiaDR3,data-qa#346 F480M-1.7 (V +15.35+-0.87 G +17.34+-0.91; F212N tie failed)
10678,071,*,17.3,0.98,VIRAC2+GaiaDR3,data-qa#346 F212N
10678,072,*,11.34,2.3,VIRAC2+GaiaDR3,data-qa#346 F212N
10678,073,*,21.71,6.45,VIRAC2+GaiaDR3,data-qa#346 F212N
10678,074,*,19.3,2.04,VIRAC2+GaiaDR3,data-qa#346 F212N
10678,075,*,19.07,1.08,VIRAC2+GaiaDR3,data-qa#346 F212N
10678,076,*,17.7,0.92,VIRAC2+GaiaDR3,data-qa#346 F212N
10678,078,*,23.56,5.9,VIRAC2+GaiaDR3,data-qa#346 F212N
10678,079,*,11.58,3.01,VIRAC2+GaiaDR3,data-qa#346 F212N
10678,080,*,15.98,2.24,VIRAC2+GaiaDR3,data-qa#346 F212N
10678,081,*,15.4,2.42,VIRAC2+GaiaDR3,data-qa#346 F212N
10678,082,*,18.0,0.96,VIRAC2+GaiaDR3,data-qa#346 F212N
10678,083,*,18.3,2.3,VIRAC2+GaiaDR3,data-qa#346 F212N
10678,085,*,6.78,2.94,VIRAC2+GaiaDR3,data-qa#346 F212N
10678,086,*,16.4,1.13,VIRAC2+GaiaDR3,data-qa#346 F212N
10678,087,*,19.82,2.82,VIRAC2+GaiaDR3,data-qa#346 F212N
10678,098,*,19.9,0.95,VIRAC2+GaiaDR3,data-qa#346 F212N
10678,100,*,21.24,1.4,VIRAC2+GaiaDR3,data-qa#346 F212N
10678,102,*,17.24,1.28,VIRAC2+GaiaDR3,data-qa#346 F212N
10678,105,*,22.4,1.02,VIRAC2+GaiaDR3,data-qa#346 F212N
10678,106,*,20.62,2.04,VIRAC2+GaiaDR3,data-qa#346 F212N
10678,107,*,16.89,1.08,VIRAC2+GaiaDR3,data-qa#346 F212N
10678,108,*,18.55,1.12,VIRAC2+GaiaDR3,data-qa#346 F212N
10678,109,*,17.3,1.83,VIRAC2+GaiaDR3,data-qa#346 F212N
10678,111,*,15.81,1.17,VIRAC2+GaiaDR3,data-qa#346 F212N
10678,112,*,19.11,1.52,VIRAC2+GaiaDR3,data-qa#346 F212N
10678,113,*,17.63,1.08,VIRAC2+GaiaDR3,data-qa#346 F212N
10678,114,*,20.39,0.84,VIRAC2+GaiaDR3,data-qa#346 F212N
10678,116,*,21.68,1.89,VIRAC2+GaiaDR3,data-qa#346 F212N
10678,117,*,19.52,3.0,VIRAC2+GaiaDR3,data-qa#346 F212N
10678,118,*,18.19,1.17,VIRAC2+GaiaDR3,data-qa#346 F212N
10678,120,*,20.43,0.91,VIRAC2+GaiaDR3,data-qa#346 F212N
10678,121,*,19.05,2.85,VIRAC2+GaiaDR3,data-qa#346 F212N
10678,122,*,15.69,3.72,VIRAC2+GaiaDR3,data-qa#346 F212N
10678,123,*,18.82,1.85,VIRAC2+GaiaDR3,data-qa#346 F212N
10678,124,*,20.16,1.11,VIRAC2+GaiaDR3,data-qa#346 F212N
10678,125,*,15.12,2.01,VIRAC2+GaiaDR3,data-qa#346 F212N
10678,126,*,17.64,1.45,VIRAC2+GaiaDR3,data-qa#346 F212N
10678,127,*,19.81,0.88,VIRAC2+GaiaDR3,data-qa#346 F212N
10678,128,*,16.23,0.84,VIRAC2+GaiaDR3,data-qa#346 F212N
10678,129,*,18.5,3.0,VIRAC2+GaiaDR3,data-qa#346 F212N
10678,130,*,20.42,1.11,VIRAC2+GaiaDR3,data-qa#346 F212N
10678,131,*,21.73,1.05,VIRAC2+GaiaDR3,data-qa#346 F212N
10678,132,*,15.61,1.78,VIRAC2+GaiaDR3,data-qa#346 F212N
10678,133,*,19.81,1.01,VIRAC2+GaiaDR3,data-qa#346 F212N
10678,134,*,17.17,0.88,VIRAC2+GaiaDR3,data-qa#346 F212N
10678,135,*,21.97,0.91,VIRAC2+GaiaDR3,data-qa#346 F212N
10678,137,*,20.62,2.06,VIRAC2+GaiaDR3,data-qa#346 F212N
10678,138,*,16.91,1.01,VIRAC2+GaiaDR3,data-qa#346 F212N
10678,139,*,19.01,2.79,VIRAC2+GaiaDR3,data-qa#346 F212N
