band	det	meas_dra_mas	meas_ddec_mas	pred_dra_mas	pred_ddec_mas
F162M	nrca1	+9.57	-0.39	+10.10	-0.96
F162M	nrca2	+1.40	+8.30	+0.99	+10.01
F162M	nrca3	-1.23	-8.42	-1.07	-10.12
F162M	nrca4	-9.75	+0.51	-10.02	+1.07
F162M	nrcb1	-10.52	+0.55	-11.07	+1.17
F162M	nrcb2	-1.90	-11.62	-1.22	-11.09
F162M	nrcb3	+1.69	+11.85	+1.17	+11.08
F162M	nrcb4	+10.72	-0.79	+11.13	-1.15
F164N	nrca1	+9.55	-0.40	+9.90	-0.94
F164N	nrca2	+1.21	+8.18	+0.97	+9.81
F164N	nrca3	-1.33	-8.53	-1.05	-9.92
F164N	nrca4	-9.42	+0.74	-9.82	+1.04
F164N	nrcb1	-10.34	+1.30	-11.02	+1.16
F164N	nrcb2	-1.70	-12.09	-1.22	-11.03
F164N	nrcb3	+1.06	+11.91	+1.16	+11.02
F164N	nrcb4	+10.98	-1.14	+11.07	-1.14
F150W	nrca1	+2.55	+0.21	+1.40	-0.13
F150W	nrca2	+1.25	+2.61	+0.14	+1.39
F150W	nrca3	-0.71	-2.48	-0.15	-1.40
F150W	nrca4	-3.09	-0.33	-1.39	+0.15
F150W	nrcb1	-3.69	-0.05	-1.53	+0.16
F150W	nrcb2	-0.90	-4.24	-0.17	-1.53
F150W	nrcb3	+0.88	+4.55	+0.16	+1.53
F150W	nrcb4	+3.72	-0.27	+1.54	-0.16
F200W	nrca1	-0.69	+0.03	+2.24	-0.21
F200W	nrca2	+0.46	+0.96	+0.22	+2.22
F200W	nrca3	-0.15	-0.25	-0.24	-2.24
F200W	nrca4	+0.39	-0.75	-2.22	+0.24
F200W	nrcb1	-2.50	-0.07	-1.73	+0.18
F200W	nrcb2	-0.25	-2.43	-0.19	-1.73
F200W	nrcb3	+0.47	+2.70	+0.18	+1.73
F200W	nrcb4	+2.27	-0.21	+1.74	-0.18
F182M	nrca1	+1.12	+0.34	+0.86	-0.08
F182M	nrca2	+1.09	+0.55	+0.08	+0.86
F182M	nrca3	-0.73	-0.22	-0.09	-0.87
F182M	nrca4	-1.47	-0.66	-0.86	+0.09
F182M	nrcb1	-2.42	-0.02	-2.22	+0.23
F182M	nrcb2	-0.38	-2.17	-0.25	-2.23
F182M	nrcb3	+0.52	+2.50	+0.23	+2.22
F182M	nrcb4	+2.29	-0.32	+2.23	-0.23
F115W	nrca1	+0.14	+0.18	+1.34	-0.13
F115W	nrca2	+0.77	+0.35	+0.13	+1.33
F115W	nrca3	-0.36	-0.17	-0.14	-1.35
F115W	nrca4	-0.55	-0.35	-1.33	+0.14
F115W	nrcb1	-0.53	-0.36	-0.21	+0.02
F115W	nrcb2	-0.27	-0.53	-0.02	-0.21
F115W	nrcb3	+0.42	+0.79	+0.02	+0.21
F115W	nrcb4	+0.38	+0.10	+0.22	-0.02
F187N	nrca1	-0.27	+0.18	-0.05	+0.01
F187N	nrca2	+0.73	+0.02	-0.01	-0.05
F187N	nrca3	-0.32	+0.29	+0.01	+0.05
F187N	nrca4	-0.13	-0.51	+0.05	-0.01
F187N	nrcb1	-0.65	-0.13	-0.76	+0.08
F187N	nrcb2	-0.21	-0.89	-0.08	-0.76
F187N	nrcb3	+0.39	+1.12	+0.08	+0.76
F187N	nrcb4	+0.48	-0.11	+0.76	-0.08
