detector	filter	anchor	frame	dx_mas	dy_mas	n	sources
NRCA1	F162M	F212N	instrument	+7.420	-6.434	2	jw03523-o005+jw04147-o012
NRCA2	F162M	F212N	instrument	+6.181	+5.383	2	jw03523-o005+jw04147-o012
NRCA3	F162M	F212N	instrument	-6.264	-5.444	2	jw03523-o005+jw04147-o012
NRCA4	F162M	F212N	instrument	-7.338	+6.494	2	jw03523-o005+jw04147-o012
NRCB1	F162M	F212N	instrument	-7.894	+6.960	2	jw03523-o005+jw04147-o012
NRCB2	F162M	F212N	instrument	-8.719	-7.712	2	jw03523-o005+jw04147-o012
NRCB3	F162M	F212N	instrument	+8.805	+8.121	2	jw03523-o005+jw04147-o012
NRCB4	F162M	F212N	instrument	+7.808	-7.368	2	jw03523-o005+jw04147-o012
NRCA1	F164N	F212N	instrument	+6.998	-6.617	2	jw03523-o005+jw01905-o001
NRCA2	F164N	F212N	instrument	+5.674	+5.018	2	jw03523-o005+jw01905-o001
NRCA3	F164N	F212N	instrument	-6.060	-5.168	2	jw03523-o005+jw01905-o001
NRCA4	F164N	F212N	instrument	-6.612	+6.767	2	jw03523-o005+jw01905-o001
NRCB1	F164N	F212N	instrument	-7.071	+7.805	2	jw03523-o005+jw01905-o001
NRCB2	F164N	F212N	instrument	-8.628	-7.957	2	jw03523-o005+jw01905-o001
NRCB3	F164N	F212N	instrument	+8.085	+8.280	2	jw03523-o005+jw01905-o001
NRCB4	F164N	F212N	instrument	+7.614	-8.127	2	jw03523-o005+jw01905-o001
NRCA1	F150W	F212N	instrument	-0.085	+0.631	2	jw03523-o005+jw01905-o001
NRCA2	F150W	F212N	instrument	+0.542	-0.803	2	jw03523-o005+jw01905-o001
NRCA3	F150W	F212N	instrument	-1.084	+0.309	2	jw03523-o005+jw01905-o001
NRCA4	F150W	F212N	instrument	+0.627	-0.136	2	jw03523-o005+jw01905-o001
NRCB1	F150W	F212N	instrument	+0.021	+0.925	2	jw03523-o005+jw01905-o001
NRCB2	F150W	F212N	instrument	-1.858	-0.690	2	jw03523-o005+jw01905-o001
NRCB3	F150W	F212N	instrument	+1.499	+0.382	2	jw03523-o005+jw01905-o001
NRCB4	F150W	F212N	instrument	+0.338	-0.617	2	jw03523-o005+jw01905-o001
NRCA1	F200W	F212N	instrument	-1.127	+0.257	2	jw03523-o005+jw01905-o001
NRCA2	F200W	F212N	instrument	+0.679	-0.202	2	jw03523-o005+jw01905-o001
NRCA3	F200W	F212N	instrument	+0.153	+0.489	2	jw03523-o005+jw01905-o001
NRCA4	F200W	F212N	instrument	+0.294	-0.544	2	jw03523-o005+jw01905-o001
NRCB1	F200W	F212N	instrument	-1.734	+1.869	2	jw03523-o005+jw01905-o001
NRCB2	F200W	F212N	instrument	-1.460	-1.420	2	jw03523-o005+jw01905-o001
NRCB3	F200W	F212N	instrument	+1.813	+1.454	2	jw03523-o005+jw01905-o001
NRCB4	F200W	F212N	instrument	+1.381	-1.903	2	jw03523-o005+jw01905-o001
NRCA1	F115W	F212N	instrument	+0.030	-0.009	2	jw03523-o005+jw01905-o001
NRCA2	F115W	F212N	instrument	+0.452	-0.770	2	jw03523-o005+jw01905-o001
NRCA3	F115W	F212N	instrument	-0.141	+0.583	2	jw03523-o005+jw01905-o001
NRCA4	F115W	F212N	instrument	-0.342	+0.195	2	jw03523-o005+jw01905-o001
NRCB1	F115W	F212N	instrument	-0.393	+0.145	2	jw03523-o005+jw01905-o001
NRCB2	F115W	F212N	instrument	-0.298	-0.006	2	jw03523-o005+jw01905-o001
NRCB3	F115W	F212N	instrument	+0.495	+0.029	2	jw03523-o005+jw01905-o001
NRCB4	F115W	F212N	instrument	+0.195	-0.167	2	jw03523-o005+jw01905-o001
NRCA1	F187N	F212N	instrument	-0.115	-0.175	2	jw03523-o005+jw01905-o001
NRCA2	F187N	F212N	instrument	+0.404	-0.965	2	jw03523-o005+jw01905-o001
NRCA3	F187N	F212N	instrument	-0.126	+0.967	2	jw03523-o005+jw01905-o001
NRCA4	F187N	F212N	instrument	-0.162	+0.173	2	jw03523-o005+jw01905-o001
NRCB1	F187N	F212N	instrument	-0.322	+0.624	2	jw03523-o005+jw01905-o001
NRCB2	F187N	F212N	instrument	-0.457	-0.226	2	jw03523-o005+jw01905-o001
NRCB3	F187N	F212N	instrument	+0.791	+0.286	2	jw03523-o005+jw01905-o001
NRCB4	F187N	F212N	instrument	-0.012	-0.685	2	jw03523-o005+jw01905-o001
NRCA1	F182M	F212N	instrument	+1.081	-0.441	1	jw03523-o005
NRCA2	F182M	F212N	instrument	+1.190	-0.259	1	jw03523-o005
NRCA3	F182M	F212N	instrument	-0.709	+0.288	1	jw03523-o005
NRCA4	F182M	F212N	instrument	-1.561	+0.412	1	jw03523-o005
NRCB1	F182M	F212N	instrument	-1.892	+1.513	1	jw03523-o005
NRCB2	F182M	F212N	instrument	-1.666	-1.450	1	jw03523-o005
NRCB3	F182M	F212N	instrument	+1.978	+1.621	1	jw03523-o005
NRCB4	F182M	F212N	instrument	+1.580	-1.684	1	jw03523-o005
