band	frame	daofind_raw	daofind_kept_localSN3	kept_frac	seed_dedup	fit_in(post-fit dedup in)	postdedup	nearsat_drop	satartifact_drop	overshoot_flagged	phantom_drop	nonpos_drop	final_rows	file_rows
F115W	nrca1_exp1	61393	58942	0.96	57	59275	59011	28	633	868	668	5482	52200	52200
F150W	nrca1_exp1	36351	2300	0.063	69	2628	2556	54	71	153	24	289	2118	2118
F162M	nrca1_exp1	24659	23538	0.955	51	23774	23755	39	733	418	274	3259	19450	19450
F182M	nrca1_exp1	23513	23015	0.979	22	23178	23160	26	519	404	278	1645	20692	20692
F200W	nrca1_exp1	18344	18003	0.981	21	18154	18137	27	448	425	318	1460	15884	15884
F115W	nrcb3	NOMATCH												38179
F150W	nrcb3_exp1	35109	3741	0.107	677	5513	5337	481	435	414	84	1304	3033	3033
F162M	nrcb3_exp1	30241	26419	0.874	579	28004	27833	476	5608	857	616	1851	19282	19282
F182M	nrcb3_exp1	23390	21456	0.917	333	22633	22481	239	3282	736	593	1835	16532	16532
F200W	nrcb3_exp1	16119	15072	0.935	311	16271	16142	217	2153	747	607	1602	11563	11563
