band	det	pedestal_MJy_sr	m6_rows	m7_rows	m6_frames	m7_frames	m6_lineage
F115W	nrca1	0.6091604	68717	1541099	32	32	destreak
F150W	nrca1	0.0	112652	87872	32	32	align
F162M	nrca1	0.95805293	80055	761087	32	32	destreak
F164N	nrca1	0.5870512	91529	667022	32	32	destreak
F182M	nrca1	1.6579299	64855	623021	32	32	destreak
F187N	nrca1	7.460429	58287	616736	32	32	destreak
F200W	nrca1	1.5127243	61593	472158	32	32	destreak
F212N	nrca1	1.0387937	81375	413060	32	32	destreak
F250M	nrcalong	0.0009964705	73372	60851	8	8	align
F277W	nrcalong	0.0060198307	80379	57518	8	8	align
F300M	nrcalong	0.001819849	68136	54598	8	8	align
F323N	nrcalong	0.0	55935	61543	8	8	align
F335M	nrcalong	0.0015335083	77958	58532	8	8	align
F405N	nrcalong	0.0	46953	53579	8	8	align
F410M	nrcalong	0.0018615723	65189	48793	8	8	align
F466N	nrcalong	0.0	39514	51109	8	8	align
